Player,Opp,Pts*,Att,Cmp,Yds,TD,Int,2Pt,Rush_Att,Rush_Yds,Rush_TD,Rush_2Pt,Rec,Rec_Yds,Rec_TD,Rec_2Pt,FL,Week
B. Mayfield TB,vs WAS,37,30,24,289,4,0,0,3,21,0,0,0,0,0,0,0,1
J. Allen BUF,vs ARI,35,23,18,232,2,0,0,9,39,2,0,0,0,0,0,1,1
A. Richardson IND,vs HOU,29,19,9,212,2,1,0,6,56,1,0,0,0,0,0,0,1
D. Carr NO,vs CAR,27,23,19,200,3,0,0,2,13,0,0,0,0,0,0,0,1
J. Daniels WAS,@ TB,27,24,17,184,0,0,0,16,88,2,0,0,0,0,0,0,1
L. Jackson BAL,@ KC,27,41,26,273,1,0,0,16,122,0,0,0,0,0,0,1,1
C. Stroud HOU,@ IND,22,32,24,234,2,0,0,4,13,0,0,0,0,0,0,0,1
J. Hurts PHI,vs GB,21,34,20,278,2,2,0,13,33,0,0,0,0,0,0,1,1
J. Love GB,@ PHI,20,34,17,260,2,1,0,0,0,0,0,0,0,0,0,0,1
T. Tagovailoa MIA,vs JAX,20,37,23,338,1,0,0,1,11,0,0,0,0,0,0,0,1
G. Smith SEA,vs DEN,19,25,18,171,1,1,0,4,30,1,0,0,0,0,0,0,1
S. Darnold MIN,@ NYG,18,24,19,208,2,1,0,3,3,0,0,0,0,0,0,0,1
P. Mahomes KC,vs BAL,16,28,20,291,1,1,0,2,3,0,0,1,2,0,0,0,1
K. Murray ARI,@ BUF,16,31,21,162,1,0,0,5,57,0,0,0,0,0,0,1,1
M. Stafford LA,@ DET,16,49,34,317,1,1,0,0,0,0,0,0,0,0,0,0,1
G. Minshew LV,@ LAC,13,33,25,257,1,1,0,3,5,0,0,0,0,0,0,1,1
D. Prescott DAL,@ CLE,13,32,19,179,1,0,0,1,3,0,0,0,0,0,0,0,1
J. Goff DET,vs LA,12,28,18,217,1,1,0,1,7,0,0,0,0,0,0,0,1
T. Lawrence JAX,@ MIA,12,21,12,162,1,0,0,1,8,0,0,0,0,0,0,0,1
J. Fields PIT,@ ATL,11,23,17,156,0,0,0,14,57,0,0,0,0,0,0,0,1
J. Herbert LAC,vs LV,11,26,17,144,1,0,0,4,6,0,0,0,0,0,0,0,1
D. Watson CLE,vs DAL,11,45,24,169,1,2,0,5,39,0,0,0,0,0,0,0,1
B. Nix DEN,@ SEA,10,42,26,138,0,2,0,5,35,1,0,0,0,0,0,0,1
B. Purdy SF,vs NYJ,10,29,19,231,0,0,0,1,11,0,0,0,0,0,0,0,1
A. Rodgers NYJ,@ SF,10,21,13,167,1,1,0,1,-1,0,0,0,0,0,0,0,1
W. Levis TEN,@ CHI,9,32,19,127,1,2,0,4,36,0,0,0,0,0,0,1,1
B. Young CAR,@ NO,9,30,13,161,0,2,0,4,12,1,0,0,0,0,0,0,1
K. Cousins ATL,vs PIT,8,26,16,155,1,2,0,1,0,0,0,0,0,0,0,0,1
J. Brissett NE,@ CIN,7,24,15,121,0,0,0,7,32,0,0,0,0,0,0,0,1
J. Burrow CIN,vs NE,7,29,21,164,0,0,0,4,15,0,0,0,0,0,0,0,1
T. Taylor NYJ,@ SF,7,8,6,36,1,0,0,1,7,0,0,0,0,0,0,0,1
C. Williams CHI,vs TEN,6,29,14,93,0,0,1,5,15,0,0,0,0,0,0,0,1
D. Jones MIN,@ NYG,4,42,22,186,0,2,0,6,15,0,0,0,0,0,0,0,1
B. Allen SF,vs NYJ,0,0,0,0,0,0,0,1,-1,0,0,0,0,0,0,0,1
A. Dalton CAR,@ NO,0,1,0,0,0,0,0,0,0,0,0,0,0,0,0,0,1
J. Haener NO,vs CAR,0,1,0,0,0,0,0,0,0,0,0,0,0,0,0,0,1
C. Rush DAL,@ CLE,0,0,0,0,0,0,0,1,-1,0,0,0,0,0,0,0,1
K. Trask TB,vs WAS,0,0,0,0,0,0,0,2,-2,0,0,0,0,0,0,0,1
M. Willis GB,@ PHI,0,1,0,0,0,0,0,0,0,0,0,0,0,0,0,0,1
K. Murray ARI,vs LA,33,21,17,266,3,0,0,5,59,0,0,0,0,0,0,0,2
D. Carr NO,@ DAL,25,16,11,243,2,1,0,1,1,1,0,0,0,0,0,0,2
J. Hurts PHI,vs ATL,25,30,23,183,1,1,0,13,85,1,0,0,0,0,0,0,2
S. Darnold MIN,vs SF,23,26,17,268,2,1,0,5,32,0,0,0,0,0,0,0,2
D. Jones MIN,@ WAS,22,28,16,178,2,0,0,5,32,0,0,0,0,0,0,0,2
J. Burrow CIN,@ KC,21,36,23,258,2,0,0,6,9,0,0,0,0,0,0,1,2
K. Cousins ATL,@ PHI,21,29,20,241,2,0,0,4,-1,0,0,0,0,0,0,0,2
B. Mayfield TB,@ DET,20,19,12,185,1,1,0,5,34,1,0,0,0,0,0,0,2
A. Rodgers NYJ,@ TEN,19,30,18,176,2,0,0,2,1,0,0,0,0,0,0,0,2
G. Smith SEA,@ NE,19,44,33,327,1,0,0,5,8,0,0,0,0,0,0,0,2
L. Jackson BAL,vs LV,17,34,21,247,1,1,0,5,45,0,0,0,0,0,0,0,2
P. Mahomes KC,vs CIN,16,25,18,151,2,2,0,4,29,0,0,0,0,0,0,0,2
B. Purdy SF,@ MIN,16,36,28,319,1,1,0,2,12,0,0,0,0,0,0,1,2
C. Stroud HOU,vs CHI,16,36,23,260,1,0,0,1,-1,0,0,0,0,0,0,0,2
J. Herbert LAC,@ CAR,15,20,14,130,2,1,0,6,18,0,0,0,0,0,0,1,2
G. Minshew LV,@ BAL,15,38,30,276,1,1,0,1,-1,0,0,0,0,0,0,0,2
D. Watson CLE,@ JAX,15,34,22,186,0,0,0,5,20,1,0,0,0,0,0,0,2
D. Prescott DAL,vs NO,14,39,27,293,1,2,0,2,12,0,0,0,0,0,0,0,2
M. Willis GB,vs IND,14,14,12,122,1,0,0,6,41,0,0,0,0,0,0,0,2
J. Daniels WAS,vs NYG,13,29,23,226,0,0,0,10,44,0,0,0,0,0,0,0,2
W. Levis TEN,vs NYJ,13,28,19,192,1,1,0,4,38,0,0,0,0,0,0,1,2
J. Fields PIT,@ DEN,12,20,13,117,1,0,0,8,27,0,0,0,0,0,0,0,2
T. Lawrence JAX,vs CLE,12,30,14,220,0,0,0,2,45,0,0,0,0,0,0,0,2
J. Allen BUF,@ MIA,11,19,13,139,1,0,0,2,2,0,0,0,0,0,0,0,2
J. Brissett NE,vs SEA,11,27,15,149,1,0,0,2,6,0,0,0,0,0,0,0,2
A. Richardson IND,@ GB,11,34,17,204,1,3,0,4,37,0,0,0,0,0,0,0,2
J. Goff DET,vs TB,8,55,34,307,0,2,0,2,5,0,0,0,0,0,0,0,2
B. Nix DEN,vs PIT,7,35,20,246,0,2,0,4,25,0,0,0,0,0,0,0,2
M. Stafford LA,@ ARI,7,27,19,216,0,0,0,0,0,0,0,0,0,0,0,1,2
T. Tagovailoa MIA,vs BUF,6,25,17,145,1,3,0,2,17,0,0,0,0,0,0,0,2
C. Williams CHI,@ HOU,6,37,23,174,0,2,0,5,44,0,0,0,0,0,0,0,2
S. Thompson MIA,vs BUF,3,14,8,80,0,0,0,1,4,0,0,0,0,0,0,0,2
B. Young CAR,vs LAC,1,26,18,84,0,1,0,1,6,0,0,0,0,0,0,0,2
J. Haener NO,@ DAL,0,0,0,0,0,0,0,3,-3,0,0,0,0,0,0,0,2
C. Rush DAL,vs NO,0,3,1,6,0,0,0,0,0,0,0,0,0,0,0,0,2
M. Trubisky BUF,@ MIA,0,0,0,0,0,0,0,2,-2,0,0,0,0,0,0,0,2
J. Winston CLE,@ JAX,0,0,0,0,0,0,0,2,4,0,0,0,0,0,0,0,2
C. Tune ARI,vs LA,-1,0,0,0,0,0,0,1,-6,0,0,0,0,0,0,1,2
J. Allen BUF,vs JAX,38,30,23,263,4,0,0,6,44,0,0,0,0,0,0,0,3
D. Prescott DAL,vs BAL,33,51,28,379,2,0,0,2,7,1,0,0,0,0,0,0,3
B. Purdy SF,@ LA,32,30,22,292,3,0,0,10,41,0,0,0,0,0,0,1,3
J. Daniels WAS,@ CIN,31,23,21,254,2,0,0,12,39,1,0,0,0,0,0,0,3
S. Darnold MIN,vs HOU,31,28,17,181,4,0,0,0,0,0,0,0,0,0,0,0,3
J. Burrow CIN,vs WAS,30,38,29,324,3,0,0,1,4,0,0,0,0,0,0,0,3
A. Dalton CAR,@ LV,30,37,26,319,3,0,0,2,-2,0,0,0,0,0,0,0,3
L. Jackson BAL,@ DAL,27,15,12,182,1,0,0,14,87,1,0,0,0,0,0,0,3
M. Willis GB,@ TEN,27,19,13,202,1,0,0,6,73,1,0,0,0,0,0,0,3
A. Rodgers NYJ,vs NE,24,35,27,281,2,0,0,3,18,0,0,0,0,0,0,0,3
D. Jones MIN,@ CLE,23,34,24,236,2,0,0,8,20,0,0,0,0,0,0,0,3
D. Watson CLE,vs NYG,21,37,21,196,2,0,1,4,26,0,0,0,0,0,0,2,3
C. Williams CHI,@ IND,21,52,33,363,2,2,0,1,8,0,0,0,0,0,0,1,3
J. Fields PIT,vs LAC,19,32,25,245,1,1,0,6,6,1,0,0,0,0,0,0,3
P. Mahomes KC,@ ATL,19,39,26,217,2,1,0,6,17,0,0,0,0,0,0,0,3
W. Levis TEN,vs GB,18,34,26,260,2,2,0,3,12,0,0,0,0,0,0,1,3
B. Nix DEN,@ TB,18,36,25,216,0,0,0,9,47,1,0,0,0,0,0,0,3
J. Goff DET,@ ARI,17,23,18,199,2,1,0,3,6,0,0,0,0,0,0,0,3
K. Murray ARI,vs DET,16,34,21,207,1,1,0,5,45,0,0,0,0,0,0,0,3
G. Minshew LV,vs CAR,15,28,18,214,1,1,1,3,14,0,0,0,0,0,0,0,3
M. Stafford LA,vs SF,14,25,16,221,1,0,0,0,0,0,0,0,0,0,0,0,3
K. Cousins ATL,vs KC,13,29,20,230,1,1,0,1,-1,0,0,0,0,0,0,0,3
G. Smith SEA,vs MIA,13,34,26,289,1,2,0,2,-2,0,0,0,0,0,0,0,3
J. Herbert LAC,@ PIT,11,18,12,125,1,0,0,1,0,0,0,0,0,0,0,0,3
J. Hurts PHI,@ NO,11,38,29,311,0,1,0,8,25,0,0,0,0,0,0,1,3
T. Lawrence JAX,@ BUF,11,38,21,178,1,1,0,2,3,0,0,0,0,0,0,0,3
C. Stroud HOU,@ MIN,11,31,20,215,1,2,0,3,12,0,0,0,0,0,0,0,3
B. Mayfield TB,vs DEN,10,33,25,163,1,1,0,0,0,0,0,0,0,0,0,0,3
D. Carr NO,vs PHI,9,25,14,142,1,1,0,2,3,0,0,0,0,0,0,0,3
A. O'Connell LV,vs CAR,9,12,9,82,1,0,0,0,0,0,0,0,0,0,0,0,3
A. Richardson IND,vs CHI,4,20,10,167,0,2,0,8,24,0,0,0,0,0,0,0,3
S. Thompson MIA,@ SEA,4,19,13,107,0,0,0,0,0,0,0,0,0,0,0,0,3
T. Boyle NYG,@ SEA,3,13,7,79,0,0,0,1,6,0,0,0,0,0,0,0,3
J. Brissett NE,@ NYJ,3,18,12,98,0,0,0,0,0,0,0,0,0,0,0,0,3
D. Mills HOU,@ MIN,3,12,7,79,0,0,0,0,0,0,0,0,0,0,0,0,3
D. Maye NE,@ NYJ,1,8,4,22,0,0,0,2,12,0,0,0,0,0,0,0,3
T. Heinicke LAC,@ PIT,0,2,2,24,0,0,0,0,0,0,0,0,0,0,0,0,3
N. Mullens MIN,vs HOU,0,0,0,0,0,0,0,1,0,0,0,0,0,0,0,0,3
M. Trubisky BUF,vs JAX,0,1,1,3,0,0,0,1,-1,0,0,0,0,0,0,0,3
J. Winston CLE,vs NYG,0,0,0,0,0,0,0,2,1,0,0,0,0,0,0,0,3
M. Jones JAX,@ BUF,-1,8,5,22,0,0,0,0,0,0,0,0,0,0,0,1,3
J. Love GB,vs MIN,35,54,32,389,4,3,1,1,6,0,0,0,0,0,0,0,4
J. Fields PIT,@ IND,34,34,22,312,1,0,0,10,55,2,0,0,0,0,0,1,4
B. Mayfield TB,vs PHI,32,47,30,347,2,0,0,4,10,1,0,0,0,0,0,0,4
J. Goff DET,vs SEA,30,18,18,292,2,0,0,2,-2,0,0,1,7,1,0,0,4
L. Jackson BAL,vs BUF,28,18,13,156,2,0,0,6,54,1,0,0,0,0,0,1,4
S. Darnold MIN,@ GB,27,28,20,275,3,1,0,7,15,0,0,0,0,0,0,1,4
C. Stroud HOU,vs JAX,26,40,27,345,2,0,0,3,17,0,0,0,0,0,0,0,4
J. Daniels WAS,@ ARI,25,30,26,233,1,1,1,8,47,1,0,0,0,0,0,0,4
G. Smith SEA,@ DET,22,56,38,395,1,1,0,5,38,0,0,0,0,0,0,0,4
J. Burrow CIN,@ CAR,20,31,22,232,2,1,0,1,10,0,0,0,0,0,0,0,4
D. Prescott DAL,@ NYG,20,27,22,221,2,0,0,2,-1,0,0,0,0,0,0,0,4
J. Hurts PHI,@ TB,19,30,18,158,1,0,0,8,20,1,0,0,0,0,0,1,4
A. Dalton CAR,vs CIN,18,40,25,220,2,1,0,3,9,0,0,0,0,0,0,0,4
J. Flacco IND,vs PIT,18,26,16,168,2,0,0,2,3,0,0,0,0,0,0,0,4
T. Lawrence JAX,@ HOU,18,33,18,169,2,0,0,3,5,0,0,0,-5,0,0,0,4
B. Purdy SF,vs NE,16,27,15,288,1,1,0,5,11,0,0,0,0,0,0,0,4
P. Mahomes KC,@ LAC,14,29,19,245,1,1,0,5,12,0,0,0,0,0,0,0,4
D. Watson CLE,@ LV,14,32,24,176,1,1,0,8,32,0,0,0,0,0,0,0,4
J. Herbert LAC,vs KC,13,27,16,179,1,0,0,3,0,0,0,0,0,0,0,0,4
C. Williams CHI,vs LA,13,23,17,157,1,0,0,5,12,0,0,0,0,0,0,0,4
T. Huntley MIA,vs TEN,12,22,14,96,0,0,0,8,40,1,0,0,0,0,0,1,4
K. Murray ARI,vs WAS,11,22,16,142,1,0,0,1,3,0,0,0,0,0,0,0,4
A. Rodgers NYJ,vs DEN,11,42,24,225,0,0,0,5,26,0,0,0,0,0,0,0,4
J. Brissett NE,@ SF,9,32,19,168,1,1,0,2,3,0,0,0,0,0,0,1,4
D. Jones MIN,@ NYG,9,40,29,281,0,1,0,4,3,0,0,0,0,0,0,0,4
J. Allen BUF,@ BAL,8,29,16,180,0,0,0,5,21,0,0,0,0,0,0,1,4
B. Nix DEN,@ NYJ,8,25,12,60,1,0,0,5,3,0,0,0,0,0,0,0,4
D. Carr NO,@ ATL,7,36,28,239,0,1,0,3,5,0,0,0,0,0,0,0,4
K. Cousins ATL,vs NO,7,35,21,238,0,1,0,0,0,0,0,0,0,0,0,0,4
G. Minshew LV,vs CLE,5,24,14,130,0,0,0,2,-2,0,0,0,0,0,0,0,4
M. Stafford LA,@ CHI,5,29,20,224,0,1,0,1,-1,0,0,0,0,0,0,1,4
A. Richardson IND,vs PIT,4,4,3,71,0,0,0,3,24,0,0,0,0,0,0,0,4
M. Rudolph TEN,@ MIA,3,17,9,85,0,0,0,0,0,0,0,0,0,0,0,0,4
J. Johnson BAL,vs BUF,0,1,1,1,0,0,0,0,0,0,0,0,0,0,0,0,4
M. Trubisky BUF,@ BAL,0,2,1,2,0,0,0,0,0,0,0,0,0,0,0,0,4
W. Levis TEN,@ MIA,-1,4,3,25,0,1,0,2,5,0,0,0,0,0,0,0,4
J. Burrow CIN,vs BAL,43,39,30,392,5,1,0,2,1,0,0,0,0,0,0,0,5
K. Cousins ATL,vs TB,42,58,42,509,4,1,0,0,0,0,0,0,0,0,0,0,5
L. Jackson BAL,@ CIN,41,42,26,348,4,0,0,12,55,0,0,0,0,0,0,1,5
J. Flacco IND,@ JAX,33,44,33,359,3,0,0,3,22,0,0,0,0,0,0,1,5
B. Mayfield TB,@ ATL,29,24,19,180,3,0,0,6,42,0,0,0,0,0,0,0,5
C. Williams CHI,vs CAR,27,29,20,304,2,0,0,5,34,0,0,0,0,0,0,0,5
B. Nix DEN,vs LV,26,27,19,206,2,0,0,8,9,1,0,0,0,0,0,0,5
D. Jones MIN,@ SEA,25,34,23,257,2,0,0,11,38,0,0,0,0,0,0,0,5
K. Murray ARI,@ SF,25,30,19,195,1,1,0,7,83,1,0,0,0,0,0,0,5
T. Lawrence JAX,vs IND,24,34,28,371,2,1,0,2,4,0,0,0,0,0,0,0,5
G. Smith SEA,vs NYG,24,40,28,284,1,0,0,4,72,0,0,0,0,0,0,0,5
J. Daniels WAS,vs CLE,21,25,14,238,1,1,0,11,82,0,0,0,0,0,0,0,5
D. Prescott DAL,@ PIT,21,42,29,352,2,2,0,1,3,0,0,0,0,0,0,1,5
J. Fields PIT,vs DAL,19,27,15,131,2,0,0,6,27,0,0,0,0,0,0,0,5
J. Love GB,@ LA,19,26,15,224,2,1,0,3,10,0,0,0,0,0,0,0,5
C. Stroud HOU,vs BUF,18,38,28,331,1,1,0,3,27,0,0,0,0,0,0,1,5
J. Allen BUF,@ HOU,16,30,9,131,1,0,0,4,54,0,0,0,0,0,0,0,5
D. Carr NO,@ KC,16,28,18,165,2,1,0,0,0,0,0,0,0,0,0,0,5
A. Rodgers NYJ,@ MIN,15,54,29,244,2,3,0,0,0,0,0,0,0,0,0,0,5
B. Purdy SF,vs ARI,14,35,19,244,1,2,0,4,33,0,0,0,0,0,0,0,5
M. Stafford LA,vs GB,14,45,29,260,1,1,0,0,0,0,0,0,0,0,0,0,5
P. Mahomes KC,vs NO,13,39,28,331,0,1,0,6,22,0,0,0,0,0,0,0,5
D. Watson CLE,@ WAS,11,28,15,125,1,0,0,3,14,0,0,0,0,0,0,1,5
G. Minshew LV,@ DEN,9,17,12,137,1,2,0,2,22,0,0,0,0,0,0,0,5
J. Brissett NE,vs MIA,7,34,18,160,0,0,0,1,10,0,0,0,0,0,0,0,5
S. Darnold MIN,vs NYJ,5,31,14,179,0,1,0,5,11,0,0,0,0,0,0,1,5
T. Huntley MIA,@ NE,5,31,18,194,0,1,0,3,7,0,0,0,0,0,0,0,5
A. Dalton CAR,@ CHI,3,28,18,136,0,1,0,1,3,0,0,0,0,0,0,0,5
B. Young CAR,@ CHI,2,7,4,58,0,0,0,1,8,0,0,0,0,0,0,0,5
J. Haener NO,@ KC,1,7,2,17,0,0,0,2,11,0,0,0,0,0,0,0,5
A. O'Connell LV,@ DEN,1,20,10,94,0,1,0,0,0,0,0,0,0,0,0,0,5
K. Allen PIT,vs DAL,0,1,1,19,0,0,0,0,0,0,0,0,0,0,0,0,5
T. Bagent CHI,vs CAR,0,0,0,0,0,0,0,3,-4,0,0,0,0,0,0,0,5
M. Mariota WAS,vs CLE,0,3,1,-2,0,0,0,2,2,0,0,0,0,0,0,0,5
N. Mullens MIN,vs NYJ,0,1,1,24,0,0,0,0,0,0,0,0,0,0,0,0,5
J. Winston CLE,@ WAS,0,1,1,16,0,0,0,1,-3,0,0,0,0,0,0,0,5
C. Williams CHI,vs JAX,36,29,23,226,4,1,0,4,56,0,0,0,0,0,0,0,6
J. Love GB,vs ARI,33,32,22,258,4,1,0,5,13,0,0,0,0,0,0,0,6
B. Mayfield TB,@ NO,33,36,24,325,4,3,0,3,29,0,0,0,0,0,0,0,6
J. Goff DET,@ DAL,30,25,18,315,3,0,0,3,5,0,0,0,0,0,0,0,6
B. Purdy SF,@ SEA,29,28,18,255,3,0,0,4,19,0,0,0,0,0,0,0,6
J. Allen BUF,@ NYJ,27,25,19,215,2,0,0,9,18,1,0,0,0,0,0,0,6
J. Hurts PHI,vs CLE,25,25,16,264,2,0,0,14,33,0,0,0,0,0,0,0,6
D. Maye NE,vs HOU,25,33,20,243,3,2,0,5,38,0,0,0,0,0,0,1,6
J. Daniels WAS,@ BAL,24,35,24,269,2,0,0,6,22,0,0,0,0,0,0,0,6
B. Nix DEN,vs LAC,24,33,19,216,2,1,0,6,61,0,0,0,0,0,0,0,6
C. Stroud HOU,@ NE,23,31,20,192,3,1,0,3,7,0,0,0,0,0,0,0,6
J. Fields PIT,@ LV,22,24,14,145,0,0,0,11,59,2,0,0,0,0,0,0,6
A. Rodgers NYJ,vs BUF,21,35,23,294,2,1,0,0,0,0,0,0,0,0,0,0,6
L. Jackson BAL,vs WAS,20,26,20,323,1,1,0,11,40,0,0,0,0,0,0,0,6
T. Lawrence JAX,@ CHI,20,35,23,234,2,1,0,4,17,0,0,0,0,0,0,0,6
J. Burrow CIN,@ NYG,19,28,19,208,0,0,0,4,55,1,0,0,0,0,0,0,6
A. Dalton CAR,vs ATL,18,38,26,221,2,2,0,3,21,0,0,0,0,0,0,0,6
J. Flacco IND,@ TEN,17,38,22,189,2,1,0,1,1,0,0,0,0,0,0,0,6
K. Cousins ATL,@ CAR,15,30,19,225,1,0,0,4,-5,0,0,0,0,0,0,0,6
J. Herbert LAC,@ DEN,15,34,21,237,1,0,0,4,2,0,0,0,0,0,0,0,6
K. Murray ARI,@ GB,14,32,22,214,1,0,0,7,14,0,0,0,0,0,0,1,6
G. Smith SEA,vs SF,14,52,30,312,1,2,0,1,0,0,0,0,0,0,0,0,6
A. O'Connell LV,vs PIT,13,40,27,227,1,1,0,0,0,0,0,0,0,0,0,0,6
S. Rattler NO,vs TB,13,40,22,243,1,2,0,4,27,0,0,0,0,0,0,0,6
D. Jones MIN,@ NYG,11,41,22,205,0,1,0,11,56,0,0,0,0,0,0,0,6
W. Levis TEN,vs IND,8,27,16,95,1,1,0,3,15,0,0,0,0,0,0,0,6
D. Watson CLE,@ PHI,7,23,16,168,0,0,0,4,17,0,0,0,0,0,0,0,6
D. Prescott DAL,vs DET,3,33,17,178,0,2,0,1,1,0,0,0,0,0,0,0,6
T. Bagent CHI,vs JAX,0,0,0,0,0,0,0,3,-3,0,0,0,0,0,0,0,6
H. Hooker DET,@ DAL,0,2,1,19,0,0,0,1,-1,0,0,0,0,0,0,0,6
M. Jones JAX,@ CHI,0,1,1,6,0,0,0,0,0,0,0,0,0,0,0,0,6
D. Mills HOU,@ NE,0,1,0,0,0,0,0,0,0,0,0,0,0,0,0,0,6
C. Rush DAL,vs DET,-1,11,8,46,0,1,0,1,2,0,0,0,0,0,0,0,6
L. Jackson BAL,@ TB,45,22,17,281,5,0,0,9,52,0,0,0,0,0,0,1,7
B. Mayfield TB,vs BAL,32,45,31,370,3,2,1,5,22,0,0,0,0,0,0,0,7
R. Wilson PIT,vs NYJ,28,29,16,264,2,0,0,3,3,1,0,0,0,0,0,0,7
J. Allen BUF,vs TEN,24,33,21,323,2,0,0,3,1,0,0,0,0,0,0,0,7
J. Hurts PHI,@ NYG,24,14,10,114,1,0,0,7,22,2,0,0,0,0,0,0,7
D. Maye NE,@ JAX,24,37,26,276,2,0,0,3,18,0,0,0,0,0,0,0,7
J. Goff DET,@ MIN,23,25,22,280,2,0,0,2,-4,0,0,0,0,0,0,0,7
M. Mariota WAS,vs CAR,23,23,18,205,2,0,0,11,34,0,0,0,0,0,0,0,7
J. Love GB,vs HOU,22,33,24,220,3,2,0,0,0,0,0,0,0,0,0,0,7
K. Murray ARI,vs LAC,21,26,14,145,1,1,0,6,64,1,0,0,0,0,0,0,7
G. Smith SEA,@ ATL,21,28,18,207,2,0,0,4,15,0,0,0,0,0,0,0,7
J. Burrow CIN,@ CLE,19,25,15,181,2,0,0,3,-3,0,0,0,0,0,0,0,7
S. Darnold MIN,vs DET,17,27,22,259,1,1,0,4,39,0,0,0,0,0,0,0,7
T. Lawrence JAX,vs NE,16,20,15,193,1,0,1,2,13,0,0,0,0,0,0,0,7
B. Purdy SF,vs KC,16,31,17,212,0,3,0,8,27,2,0,0,0,0,0,0,7
A. Rodgers NYJ,@ PIT,15,39,24,276,1,2,1,0,0,0,0,0,0,0,0,0,7
J. Herbert LAC,@ ARI,13,39,27,349,0,0,0,2,8,0,0,0,0,0,0,0,7
B. Nix DEN,@ NO,13,26,16,164,0,0,0,10,75,0,0,0,0,0,0,0,7
M. Rudolph TEN,@ BUF,12,40,25,215,1,1,0,5,13,0,0,0,0,0,0,1,7
T. Huntley MIA,@ IND,11,13,7,87,1,0,0,5,20,0,0,0,0,0,0,0,7
P. Mahomes KC,@ SF,11,27,16,154,0,2,0,5,39,1,0,0,0,0,0,0,7
K. Cousins ATL,vs SEA,10,35,24,232,1,2,0,1,-1,0,0,0,0,0,0,1,7
J. Winston CLE,vs CIN,10,11,5,67,1,0,1,0,0,0,0,0,0,0,0,0,7
A. Richardson IND,vs MIA,9,24,10,129,0,0,0,14,56,0,0,0,0,0,0,1,7
J. Haener NO,vs DEN,7,4,3,38,1,0,0,0,0,0,0,0,0,0,0,0,7
S. Rattler NO,vs DEN,7,35,25,172,0,0,0,5,34,0,0,0,0,0,0,2,7
J. Daniels WAS,vs CAR,5,2,2,6,0,0,0,3,50,0,0,0,0,0,0,0,7
D. Jones MIN,@ NYG,5,21,14,99,0,0,0,5,20,0,0,0,0,0,0,0,7
D. Watson CLE,vs CIN,5,17,15,128,0,0,0,2,0,0,0,0,0,0,0,0,7
M. Stafford LA,vs LV,4,23,14,154,0,1,0,2,-2,0,0,0,0,0,0,0,7
C. Stroud HOU,@ GB,4,21,10,86,0,0,0,5,19,0,0,0,0,0,0,0,7
D. Thompson-Robinson CLE,vs CIN,3,24,11,82,0,2,0,3,44,0,0,0,0,0,0,0,7
T. Boyle NYG,@ IND,2,13,8,74,0,0,0,1,4,0,0,0,0,0,0,0,7
A. O'Connell LV,@ LA,2,10,6,52,0,0,0,0,0,0,0,0,0,0,0,0,7
D. Lock NYG,vs PHI,1,8,3,6,0,0,0,1,13,0,0,0,0,0,0,0,7
M. Penix ATL,vs SEA,0,1,1,14,0,0,0,0,0,0,0,0,0,0,0,0,7
K. Pickett PHI,@ NYG,0,1,0,0,0,0,0,0,0,0,0,0,0,0,0,0,7
J. Stidham DEN,@ NO,0,0,0,0,0,0,0,2,-2,0,0,0,0,0,0,0,7
C. Tune ARI,vs LAC,0,0,0,0,0,0,0,3,2,0,0,0,0,0,0,0,7
B. Young CAR,@ WAS,0,2,2,-4,0,0,0,0,0,0,0,0,0,0,0,0,7
A. Dalton CAR,@ WAS,-1,16,11,93,0,2,0,2,3,0,0,0,0,0,0,0,7
G. Minshew LV,@ LA,-1,34,15,154,0,3,0,1,2,0,0,0,0,0,0,1,7
K. Cousins ATL,@ TB,36,29,23,276,4,0,0,3,16,0,0,0,0,0,0,0,8
J. Hurts PHI,@ CIN,36,20,16,236,1,0,0,10,37,3,0,0,0,0,0,0,8
B. Nix DEN,vs CAR,35,37,28,284,3,0,0,5,4,1,0,0,0,0,0,0,8
M. Stafford LA,vs MIN,33,34,25,279,4,1,0,3,-4,0,0,0,0,0,0,0,8
J. Winston CLE,vs BAL,30,41,27,334,3,0,0,2,2,0,0,0,0,0,0,1,8
T. Lawrence JAX,vs GB,28,32,21,308,2,1,0,4,10,1,0,0,0,0,0,1,8
B. Mayfield TB,vs ATL,28,50,37,330,3,2,0,3,11,0,0,0,0,0,0,0,8
J. Herbert LAC,vs NO,27,32,20,279,2,0,0,4,49,0,0,0,0,0,0,0,8
L. Jackson BAL,@ CLE,27,38,23,289,2,0,0,8,46,0,0,0,0,0,0,0,8
B. Purdy SF,vs DAL,27,26,18,260,1,0,0,8,56,1,0,0,0,0,0,0,8
K. Murray ARI,@ MIA,25,36,26,307,2,0,0,5,19,0,0,0,0,0,0,0,8
J. Daniels WAS,vs CHI,24,38,21,326,1,0,0,8,52,0,0,0,0,0,0,0,8
J. Allen BUF,@ SEA,23,34,24,283,2,1,0,7,25,0,0,0,0,0,0,0,8
S. Darnold MIN,@ LA,21,25,18,240,2,0,0,3,6,0,0,0,0,0,0,0,8
J. Goff DET,vs TEN,21,15,12,85,3,0,0,1,1,0,0,0,0,0,0,0,8
P. Mahomes KC,@ LV,21,38,27,262,2,1,0,6,17,0,0,0,0,0,0,0,8
A. Rodgers NYJ,@ NE,21,28,17,233,2,0,0,0,0,0,0,0,0,0,0,0,8
M. Rudolph TEN,@ DET,20,38,22,266,1,2,0,4,29,1,0,0,0,0,0,0,8
G. Minshew LV,vs KC,19,30,24,209,2,0,0,2,6,0,0,0,0,0,0,1,8
D. Prescott DAL,@ SF,17,38,25,243,2,2,0,1,-1,0,0,0,0,0,0,0,8
C. Stroud HOU,vs IND,16,37,25,285,1,0,0,1,-10,0,0,0,0,0,0,1,8
T. Tagovailoa MIA,vs ARI,16,38,28,234,1,0,0,3,13,0,0,0,0,0,0,0,8
R. Wilson PIT,vs NYG,16,28,20,278,1,0,0,3,7,0,0,0,0,0,0,1,8
B. Young CAR,@ DEN,16,37,24,224,2,2,0,3,6,0,0,0,0,0,0,0,8
J. Burrow CIN,vs PHI,14,37,26,234,1,1,0,3,15,0,0,0,0,0,0,0,8
A. Richardson IND,@ HOU,14,32,10,175,1,1,0,6,45,0,0,0,0,0,0,1,8
D. Maye NE,vs NYJ,10,6,3,23,0,0,0,3,46,1,0,0,0,0,0,0,8
C. Williams CHI,@ WAS,10,24,10,131,0,0,1,9,47,0,0,0,0,0,0,1,8
M. Willis GB,@ JAX,10,5,4,56,1,0,0,4,23,0,0,0,0,0,0,0,8
J. Brissett NE,vs NYJ,8,24,15,132,0,0,1,3,11,0,0,0,0,0,0,0,8
D. Jones MIN,@ PIT,7,38,24,264,0,1,0,3,1,0,0,0,0,0,0,1,8
G. Smith SEA,vs BUF,7,29,21,212,0,1,0,5,16,0,0,0,0,0,0,0,8
S. Rattler NO,@ LAC,6,24,12,156,0,0,0,0,0,0,0,0,0,0,0,0,8
J. Haener NO,@ LAC,5,17,9,122,0,0,0,2,10,0,0,0,0,0,0,0,8
J. Love GB,@ JAX,5,22,14,196,0,1,0,1,-1,0,0,0,0,0,0,0,8
H. Hooker DET,vs TEN,0,3,2,6,0,0,0,0,0,0,0,0,0,0,0,0,8
M. Trubisky BUF,@ SEA,0,0,0,0,0,0,0,3,-3,0,0,0,0,0,0,0,8
J. Burrow CIN,vs LV,39,39,27,251,5,1,0,3,11,0,0,0,0,0,0,0,9
J. Hurts PHI,vs JAX,33,24,18,230,2,0,0,13,67,1,0,0,0,0,0,0,9
L. Jackson BAL,vs DEN,29,19,16,280,3,0,0,3,4,0,0,0,0,0,0,0,9
P. Mahomes KC,vs TB,29,44,34,291,3,0,0,2,9,0,0,0,0,0,0,0,9
D. Jones MIN,@ NYG,28,26,20,174,2,0,0,7,54,1,0,0,0,0,0,1,9
J. Allen BUF,vs MIA,27,39,25,235,3,1,1,2,7,0,0,0,0,0,0,0,9
G. Smith SEA,vs LA,27,34,21,363,3,3,0,6,16,0,0,0,0,0,0,0,9
A. Rodgers NYJ,vs HOU,26,32,22,211,3,0,0,1,-1,0,0,0,0,0,0,0,9
K. Cousins ATL,vs DAL,25,24,19,222,3,0,0,4,-11,0,0,0,0,0,0,1,9
S. Darnold MIN,vs IND,25,34,28,290,3,2,0,4,14,0,0,0,0,0,0,1,9
J. Daniels WAS,@ NYG,23,22,15,209,2,0,0,8,35,0,0,0,0,0,0,0,9
J. Herbert LAC,@ CLE,23,27,18,282,2,0,0,3,2,0,0,0,0,0,0,0,9
B. Mayfield TB,@ KC,22,31,23,200,2,0,0,4,20,0,0,0,0,0,0,0,9
M. Stafford LA,@ SEA,21,44,25,298,2,1,0,1,0,0,0,0,0,0,0,0,9
T. Tagovailoa MIA,@ BUF,21,28,25,231,2,0,0,2,3,0,0,0,0,0,0,0,9
M. Rudolph TEN,vs NE,20,33,20,240,2,1,0,4,19,0,0,0,0,0,0,0,9
T. Lawrence JAX,@ PHI,18,31,16,169,0,2,2,5,8,2,0,0,0,0,0,0,9
D. Maye NE,@ TEN,18,41,29,206,1,2,0,8,95,0,0,0,0,0,0,1,9
B. Nix DEN,@ BAL,16,33,19,223,0,1,0,6,36,0,0,1,2,1,0,0,9
D. Carr NO,@ CAR,15,31,18,236,1,0,0,0,0,0,0,0,0,0,0,0,9
D. Prescott DAL,@ ATL,14,24,18,133,1,0,0,3,30,0,0,0,0,0,0,0,9
C. Rush DAL,@ ATL,12,25,13,115,1,0,1,1,4,0,0,0,0,0,0,0,9
J. Goff DET,@ GB,11,22,18,145,1,0,0,3,-2,0,0,0,0,0,0,0,9
C. Stroud HOU,@ NYJ,11,30,11,191,0,0,0,8,59,0,0,0,0,0,0,1,9
J. Winston CLE,vs LAC,11,46,26,235,1,3,0,5,27,0,0,0,0,0,0,0,9
J. Love GB,vs DET,10,39,23,273,0,1,1,3,0,0,0,0,0,0,0,0,9
B. Young CAR,vs NO,10,26,16,171,1,1,0,4,9,0,0,0,0,0,0,0,9
C. Williams CHI,@ ARI,8,41,22,217,0,0,0,4,5,0,0,0,0,0,0,0,9
D. Ridder LV,@ CIN,7,16,11,74,1,0,0,1,2,0,0,0,0,0,0,1,9
K. Murray ARI,vs CHI,5,20,13,154,0,0,0,2,6,0,0,0,0,0,0,1,9
J. Flacco IND,@ MIN,4,27,16,179,0,1,0,2,-1,0,0,0,0,0,0,1,9
G. Minshew LV,@ CIN,3,17,10,124,0,0,0,1,0,0,0,0,0,0,0,1,9
J. Browning CIN,vs LV,0,0,0,0,0,0,0,1,-1,0,0,0,0,0,0,0,9
J. Johnson BAL,vs DEN,0,0,0,0,0,0,0,3,2,0,0,0,0,0,0,0,9
J. Burrow CIN,@ BAL,41,56,34,428,4,0,0,2,6,0,0,0,0,0,0,0,10
L. Jackson BAL,vs CIN,40,33,25,290,4,0,0,7,33,0,1,0,0,0,0,0,10
J. Hurts PHI,@ DAL,34,20,14,202,2,1,0,7,56,2,0,0,0,0,0,1,10
K. Murray ARI,vs NYJ,30,24,22,266,1,0,0,3,21,2,0,0,0,0,0,0,10
B. Purdy SF,@ TB,27,36,25,353,2,0,0,4,17,0,0,0,0,0,0,0,10
D. Carr NO,vs ATL,23,25,16,269,2,0,0,4,17,0,0,0,0,0,0,0,10
W. Levis TEN,@ LAC,23,23,18,175,2,0,0,5,41,0,0,0,0,0,0,0,10
R. Wilson PIT,@ WAS,23,28,14,195,3,1,0,4,3,0,0,0,0,0,0,0,10
J. Herbert LAC,vs TEN,21,18,14,164,1,0,0,9,32,1,0,0,0,0,0,0,10
B. Nix DEN,@ KC,20,30,22,215,2,0,0,3,-5,0,0,0,0,0,0,0,10
J. Allen BUF,@ IND,18,37,22,280,0,2,0,8,50,1,0,0,0,0,0,0,10
P. Mahomes KC,vs DEN,17,42,28,266,1,0,0,3,19,0,0,0,0,0,0,0,10
J. Flacco IND,vs BUF,15,35,26,272,2,3,0,0,0,0,0,0,0,0,0,1,10
B. Young CAR,vs NYG,14,25,15,126,1,0,0,2,30,0,0,0,0,0,0,0,10
D. Maye NE,@ CHI,13,25,15,184,1,1,0,4,24,0,0,0,0,0,0,0,10
J. Goff DET,@ HOU,11,30,15,240,2,5,0,1,2,0,0,0,0,0,0,0,10
D. Jones MIN,@ CAR,11,37,22,190,0,2,0,7,26,1,0,0,0,0,0,0,10
C. Stroud HOU,vs DET,11,33,19,232,1,2,0,1,5,0,0,0,0,0,0,0,10
T. Tagovailoa MIA,@ LA,11,28,20,207,1,1,0,1,-1,0,0,0,0,0,0,1,10
K. Cousins ATL,@ NO,10,38,23,306,0,1,0,0,0,0,0,0,0,0,0,0,10
B. Mayfield TB,vs SF,10,29,18,116,1,0,0,3,3,0,0,0,0,0,0,0,10
M. Stafford LA,vs MIA,9,46,32,293,0,1,0,1,0,0,0,0,0,0,0,0,10
J. Daniels WAS,vs PIT,8,34,17,202,0,0,0,3,5,0,0,0,0,0,0,0,10
S. Darnold MIN,@ JAX,5,38,24,241,0,3,0,7,28,0,0,0,0,0,0,0,10
M. Jones JAX,vs MIN,5,22,14,111,0,2,0,5,8,1,0,0,0,0,0,1,10
A. Rodgers NYJ,@ ARI,5,35,22,151,0,0,0,0,0,0,0,0,0,0,0,1,10
C. Williams CHI,vs NE,5,30,16,120,0,0,0,2,15,0,0,0,0,0,0,0,10
K. Pickett PHI,@ DAL,0,2,1,5,0,0,0,1,1,0,0,0,0,0,0,0,10
M. Trubisky BUF,@ IND,0,0,0,0,0,0,0,1,-1,0,0,0,0,0,0,0,10
C. Tune ARI,vs NYJ,0,0,0,0,0,0,0,1,-1,0,0,0,0,0,0,0,10
T. Lance DAL,vs PHI,-1,6,4,21,0,1,0,3,17,0,0,0,0,0,0,0,10
C. Rush DAL,vs PHI,-1,23,13,45,0,0,0,2,2,0,0,0,0,0,0,2,10
J. Goff DET,vs JAX,42,29,24,412,4,0,0,4,21,0,0,0,0,0,0,0,11
B. Nix DEN,vs ATL,36,33,28,307,4,0,0,2,5,0,0,0,0,0,0,0,11
M. Stafford LA,@ NE,35,27,18,295,4,0,0,4,0,0,0,0,0,0,0,0,11
J. Burrow CIN,@ LAC,34,50,28,356,3,0,0,2,28,0,0,0,0,0,0,0,11
A. Richardson IND,@ NYJ,30,30,20,272,1,0,0,10,32,2,0,0,0,0,0,1,11
T. Tagovailoa MIA,vs LV,29,36,28,288,3,0,0,0,0,0,0,0,0,0,0,0,11
J. Winston CLE,@ NO,29,46,30,395,2,0,1,1,8,0,0,0,0,0,0,0,11
J. Herbert LAC,vs CIN,28,36,17,297,2,0,0,5,65,0,0,0,0,0,0,1,11
S. Darnold MIN,@ TEN,27,32,20,246,2,0,0,8,18,1,0,0,0,0,0,1,11
J. Allen BUF,vs KC,25,40,27,262,1,1,0,12,55,1,0,0,0,0,0,0,11
D. Maye NE,vs LA,22,39,29,282,2,1,0,3,27,0,0,0,0,0,0,1,11
D. Carr NO,vs CLE,21,27,21,248,2,0,0,1,8,0,0,0,0,0,0,0,11
J. Love GB,@ CHI,21,17,13,261,1,1,0,4,18,1,0,0,0,0,0,0,11
P. Mahomes KC,@ BUF,21,33,23,196,3,2,0,0,0,0,0,0,0,0,0,0,11
G. Minshew LV,@ MIA,21,43,30,282,2,1,0,2,7,0,0,0,0,0,0,0,11
B. Purdy SF,vs SEA,20,28,21,159,1,1,0,5,40,1,0,0,0,0,0,0,11
A. Rodgers NYJ,vs IND,19,29,22,184,2,0,0,1,7,0,0,0,0,0,0,0,11
C. Rush DAL,vs HOU,18,55,32,354,1,1,0,2,2,0,0,0,0,0,0,0,11
J. Hurts PHI,vs WAS,17,28,18,221,0,0,0,10,39,1,0,0,0,0,0,0,11
L. Jackson BAL,@ PIT,16,33,16,207,1,1,0,4,46,0,0,0,0,0,0,0,11
W. Levis TEN,vs MIN,16,31,17,295,1,1,0,7,18,0,0,0,0,0,0,0,11
C. Williams CHI,vs GB,16,31,23,231,0,0,0,9,70,0,0,0,0,0,0,0,11
J. Daniels WAS,@ PHI,14,32,22,191,1,1,1,7,18,0,0,0,0,0,0,0,11
G. Smith SEA,@ SF,14,32,25,221,0,1,0,4,29,1,0,0,0,0,0,0,11
C. Stroud HOU,@ DAL,10,34,23,257,0,1,0,3,26,0,0,0,0,0,0,0,11
R. Wilson PIT,vs BAL,6,36,23,205,0,1,0,4,1,0,0,0,0,0,0,0,11
K. Cousins ATL,@ DEN,4,27,18,173,0,1,0,1,0,0,0,0,0,0,0,0,11
M. Jones JAX,@ DET,3,29,17,138,0,1,0,2,7,0,0,0,0,0,0,0,11
J. Fields PIT,vs BAL,1,0,0,0,0,0,0,2,17,0,0,0,0,0,0,0,11
H. Hooker DET,vs JAX,1,4,3,37,0,0,0,4,3,0,0,0,0,0,0,0,11
J. Haener NO,vs CLE,0,0,0,0,0,0,0,2,-2,0,0,0,0,0,0,0,11
M. Penix ATL,@ DEN,0,4,2,24,0,0,0,0,0,0,0,0,0,0,0,0,11
D. Thompson-Robinson CLE,@ NO,0,1,0,0,0,0,0,0,0,0,0,0,0,0,0,0,11
T. Tagovailoa MIA,vs NE,36,40,29,317,4,0,0,3,-2,0,0,0,0,0,0,0,12
J. Daniels WAS,vs DAL,34,38,25,275,2,2,0,7,74,1,1,0,0,0,0,0,12
P. Mahomes KC,@ CAR,34,37,27,269,3,0,0,5,60,0,0,0,0,0,0,0,12
C. Williams CHI,vs MIN,30,47,32,340,2,0,1,6,33,0,0,0,0,0,0,0,12
L. Jackson BAL,@ LAC,26,22,16,177,2,0,0,8,15,1,0,0,0,0,0,0,12
S. Darnold MIN,@ CHI,25,34,22,330,2,0,0,2,-1,0,0,0,0,0,0,0,12
B. Nix DEN,@ LV,22,42,25,273,2,0,0,1,5,0,0,0,0,0,0,0,12
M. Stafford LA,vs PHI,22,36,24,243,2,0,0,1,15,0,0,0,0,0,0,0,12
W. Levis TEN,@ HOU,21,24,18,278,2,1,0,8,10,0,0,0,0,0,0,1,12
C. Rush DAL,@ WAS,21,32,24,247,2,0,0,4,1,0,0,0,0,0,0,0,12
J. Love GB,vs SF,18,23,13,163,2,0,0,1,2,0,0,0,0,0,0,0,12
B. Mayfield TB,@ NYG,18,30,24,294,0,0,0,4,29,1,0,0,0,0,0,1,12
C. Stroud HOU,vs TEN,18,33,20,247,2,2,0,3,18,0,0,0,0,0,0,0,12
B. Young CAR,vs KC,18,35,21,263,1,0,0,3,20,0,0,0,0,0,0,0,12
J. Herbert LAC,vs BAL,16,36,21,218,0,0,0,4,29,1,0,0,0,0,0,0,12
J. Hurts PHI,@ LA,16,22,15,179,1,0,0,12,39,0,0,0,0,0,0,0,12
R. Wilson PIT,@ CLE,16,28,21,270,1,0,0,3,10,0,0,0,0,0,0,1,12
D. Maye NE,@ MIA,15,37,22,222,1,1,1,5,26,0,0,0,0,0,0,1,12
G. Smith SEA,vs ARI,14,31,22,254,1,1,0,3,2,0,0,0,0,0,0,0,12
G. Minshew LV,vs DEN,13,42,25,230,1,1,0,2,5,0,0,0,0,0,0,0,12
J. Winston CLE,vs PIT,13,27,18,219,0,1,1,3,7,1,0,0,0,0,0,1,12
A. Richardson IND,vs DET,12,28,11,172,0,0,0,10,61,0,0,0,0,0,0,0,12
B. Allen SF,@ GB,10,29,17,199,1,1,0,2,5,0,0,0,0,0,0,1,12
T. DeVito NYG,vs TB,10,31,21,189,0,0,0,7,32,0,0,0,0,0,0,0,12
J. Goff DET,@ IND,10,36,26,269,0,0,0,2,0,0,0,0,0,0,0,0,12
K. Murray ARI,@ SEA,9,37,24,285,0,1,0,2,9,0,0,0,0,0,0,0,12
J. Fields PIT,@ CLE,2,1,0,0,0,0,0,3,26,0,0,0,0,0,0,0,12
D. Ridder LV,vs DEN,1,10,5,64,0,0,0,1,3,0,0,0,0,0,0,1,12
T. Lance DAL,@ WAS,0,0,0,0,0,0,0,1,-3,0,0,0,0,0,0,0,12
D. Lock NYG,vs TB,0,1,1,3,0,0,0,0,0,0,0,0,0,0,0,0,12
N. Mullens MIN,@ CHI,0,1,1,14,0,0,0,0,0,0,0,0,0,0,0,0,12
K. Pickett PHI,@ LA,0,0,0,0,0,0,0,2,-2,0,0,0,0,0,0,0,12
J. Winston CLE,@ DEN,40,58,34,497,4,3,1,3,11,0,0,0,0,0,0,0,13
J. Daniels WAS,vs TEN,33,30,25,206,3,1,0,9,34,1,0,0,0,0,0,0,13
R. Wilson PIT,@ CIN,32,38,29,414,3,1,0,3,3,0,0,0,0,0,0,0,13
C. Williams CHI,@ DET,31,39,20,256,3,0,0,4,39,0,0,0,0,0,0,0,13
J. Allen BUF,vs SF,30,17,13,148,2,0,0,3,18,1,0,0,7,1,0,0,13
L. Jackson BAL,vs PHI,28,36,23,237,2,0,0,8,79,0,0,0,0,0,0,0,13
T. Tagovailoa MIA,@ GB,28,46,37,365,2,0,1,2,6,0,0,0,0,0,0,0,13
J. Burrow CIN,vs PIT,26,38,28,309,3,1,0,2,9,0,0,0,0,0,0,2,13
A. O'Connell LV,@ KC,24,35,23,340,2,0,0,1,0,0,0,0,0,0,0,1,13
A. Richardson IND,@ NE,24,24,12,109,2,2,0,9,48,1,1,0,0,0,0,0,13
B. Young CAR,vs TB,24,46,26,298,1,0,0,3,17,1,0,0,0,0,0,0,13
S. Darnold MIN,vs ARI,23,31,21,235,2,0,0,4,22,0,0,0,0,0,0,0,13
M. Jones JAX,vs HOU,23,32,20,235,2,0,1,3,6,0,0,0,0,0,0,0,13
J. Love GB,vs MIA,22,28,21,274,2,0,0,0,0,0,0,0,0,0,0,0,13
J. Goff DET,vs CHI,20,34,21,221,2,0,0,1,1,0,0,0,0,0,0,0,13
W. Levis TEN,@ WAS,20,37,18,212,2,0,0,2,-3,0,0,0,0,0,0,0,13
D. Maye NE,vs IND,20,30,24,238,1,1,1,5,59,0,0,0,0,0,0,0,13
M. Stafford LA,@ NO,19,24,14,183,2,0,0,4,3,0,0,0,0,0,0,0,13
J. Hurts PHI,@ BAL,18,19,11,118,1,0,0,9,29,1,0,0,0,0,0,0,13
P. Mahomes KC,vs LV,18,46,26,306,1,0,0,2,4,0,0,0,0,0,0,0,13
A. Rodgers NYJ,vs SEA,17,39,21,185,2,1,0,2,6,0,0,0,0,0,0,0,13
D. Carr NO,vs LA,16,37,24,184,1,0,1,2,12,0,0,0,0,0,0,0,13
K. Murray ARI,@ MIN,16,45,31,260,1,2,0,7,48,0,0,0,0,0,0,0,13
D. Lock NYG,@ DAL,15,32,21,178,0,1,0,4,57,1,0,0,0,0,0,1,13
C. Stroud HOU,@ JAX,15,34,22,242,1,0,0,5,7,0,0,0,0,0,0,0,13
G. Smith SEA,@ NYJ,14,31,20,206,1,0,0,2,2,0,0,0,0,0,0,0,13
B. Nix DEN,vs CLE,13,35,18,294,1,2,0,3,4,0,0,0,0,0,0,0,13
C. Rush DAL,vs NYG,13,36,21,195,1,0,0,5,0,0,0,0,0,0,0,0,13
B. Mayfield TB,@ CAR,11,33,21,235,1,2,0,3,8,0,0,0,0,0,0,0,13
J. Herbert LAC,@ ATL,7,23,16,147,0,0,1,5,1,0,0,0,0,0,0,0,13
B. Purdy SF,@ BUF,2,18,11,94,0,0,0,2,4,0,0,0,0,0,0,1,13
K. Cousins ATL,vs LAC,1,39,24,245,0,4,0,1,3,0,0,0,0,0,0,0,13
J. Fields PIT,@ CIN,0,0,0,0,0,0,0,1,7,0,0,0,0,0,0,0,13
K. Trask TB,@ CAR,0,1,1,5,0,0,0,0,0,0,0,0,0,0,0,0,13
M. Trubisky BUF,vs SF,0,1,1,4,0,0,0,4,-3,0,0,0,0,0,0,0,13
T. Lawrence JAX,vs HOU,-1,10,4,41,0,1,0,1,6,0,0,0,0,0,0,0,13
J. Allen BUF,@ LA,57,37,22,342,3,0,0,10,82,3,0,0,0,0,0,0,14
S. Darnold MIN,vs ATL,43,28,22,347,5,0,0,4,7,0,0,0,0,0,0,0,14
J. Burrow CIN,@ DAL,30,44,33,369,3,1,0,2,-2,0,0,0,0,0,0,0,14
J. Goff DET,vs GB,27,41,32,283,3,1,0,4,7,0,0,0,0,0,0,0,14
J. Hurts PHI,vs CAR,27,21,14,108,2,0,0,8,59,1,0,0,0,0,0,0,14
T. Tagovailoa MIA,vs NYJ,27,47,33,331,2,0,1,1,3,0,0,0,0,0,0,0,14
B. Purdy SF,vs CHI,26,25,20,325,2,0,0,5,11,0,0,0,0,0,0,0,14
B. Mayfield TB,vs LV,25,29,18,295,3,2,0,2,12,0,0,0,0,0,0,1,14
M. Stafford LA,vs BUF,24,30,23,320,2,0,0,0,0,0,0,0,0,0,0,0,14
K. Murray ARI,vs SEA,21,38,25,259,2,2,0,3,16,0,1,0,0,0,0,0,14
A. Rodgers NYJ,@ MIA,19,39,27,339,1,0,0,0,0,0,0,0,0,0,0,0,14
R. Wilson PIT,vs CLE,19,26,15,158,2,0,0,6,17,0,0,0,0,0,0,0,14
C. Williams CHI,@ SF,18,23,17,134,2,0,0,4,27,0,0,0,0,0,0,1,14
J. Winston CLE,@ PIT,18,41,24,212,2,2,0,4,28,0,0,0,0,0,0,0,14
C. Rush DAL,vs CIN,17,31,16,183,2,1,0,2,5,0,0,0,0,0,0,0,14
J. Love GB,@ DET,16,20,12,206,1,0,0,4,23,0,0,0,0,0,0,0,14
J. Herbert LAC,@ KC,15,30,21,213,1,0,0,4,12,0,0,0,0,0,0,0,14
P. Mahomes KC,vs LAC,15,37,24,210,1,0,0,4,17,0,0,0,0,0,0,0,14
G. Smith SEA,@ ARI,15,30,24,233,1,0,0,1,0,0,0,0,0,0,0,0,14
D. Lock NYG,vs NO,14,49,21,227,0,1,1,5,59,0,0,0,0,0,0,0,14
D. Carr NO,@ NYG,13,31,20,219,1,1,0,2,12,0,0,0,0,0,0,0,14
B. Young CAR,@ PHI,13,34,19,191,1,1,0,7,29,0,0,0,0,0,0,0,14
K. Cousins ATL,@ MIN,9,37,23,344,0,2,0,0,0,0,0,0,0,0,0,0,14
A. O'Connell LV,@ TB,7,19,11,104,0,1,0,6,6,1,0,0,0,0,0,1,14
W. Levis TEN,vs JAX,6,32,19,168,0,0,0,1,3,0,0,0,0,0,0,0,14
M. Jones JAX,@ TEN,4,31,23,220,0,2,0,3,3,0,0,0,0,0,0,0,14
D. Ridder LV,@ TB,4,18,12,101,0,0,0,2,3,0,0,0,0,0,0,0,14
T. Heinicke LAC,@ KC,1,0,0,0,0,0,0,1,12,0,0,0,0,0,0,0,14
T. Bagent CHI,@ SF,0,1,1,6,0,0,0,0,0,0,0,0,0,0,0,0,14
J. Haener NO,@ NYG,0,0,0,0,0,0,0,1,-1,0,0,0,0,0,0,0,14
N. Mullens MIN,vs ATL,0,0,0,0,0,0,0,2,-2,0,0,0,0,0,0,0,14
B. Allen SF,vs CHI,-2,1,0,0,0,1,0,0,0,0,0,0,0,0,0,0,14
J. Goff DET,vs BUF,50,59,38,494,5,0,0,2,13,0,0,0,0,0,0,0,15
L. Jackson BAL,@ NYG,46,25,21,290,5,0,0,6,65,0,0,0,0,0,0,1,15
J. Allen BUF,@ DET,44,34,23,362,2,0,0,11,68,2,0,0,0,0,0,0,15
B. Mayfield TB,@ LAC,35,27,22,288,4,1,0,2,25,0,0,0,0,0,0,0,15
A. Rodgers NYJ,@ JAX,35,30,16,289,3,0,1,6,45,0,0,0,0,0,0,0,15
J. Hurts PHI,vs PIT,32,32,25,290,2,0,0,15,45,1,0,0,0,0,0,1,15
J. Daniels WAS,@ NO,27,31,25,226,2,0,0,11,66,0,0,0,0,0,0,0,15
C. Rush DAL,@ CAR,25,29,18,214,3,0,0,4,5,0,0,0,0,0,0,1,15
J. Burrow CIN,@ TEN,23,37,26,271,3,2,0,0,0,0,0,0,0,0,0,1,15
M. Jones JAX,vs NYJ,21,46,31,294,2,2,0,4,29,0,0,0,0,0,0,0,15
J. Love GB,@ SEA,21,27,20,229,2,0,0,1,4,0,0,0,0,0,0,0,15
P. Mahomes KC,@ CLE,19,38,19,159,2,0,0,2,14,0,0,0,0,0,0,0,15
D. Maye NE,@ ARI,19,23,19,202,1,1,0,4,14,1,0,0,0,0,0,0,15
B. Nix DEN,vs IND,19,33,20,130,3,3,0,8,23,0,0,0,0,0,0,0,15
M. Rudolph TEN,vs CIN,19,26,21,209,2,1,0,2,14,0,0,0,0,0,0,0,15
J. Herbert LAC,vs TB,17,33,21,195,2,1,0,0,0,0,0,0,0,0,0,0,15
C. Stroud HOU,vs MIA,16,26,18,131,2,0,0,6,4,0,0,0,0,0,0,1,15
B. Young CAR,vs DAL,15,28,19,219,1,2,0,3,12,1,0,0,0,0,0,2,15
S. Darnold MIN,vs CHI,13,40,24,231,1,1,0,0,0,0,0,0,0,0,0,0,15
A. Richardson IND,@ DEN,13,38,17,172,0,2,0,7,46,1,0,1,-1,0,0,0,15
D. Ridder LV,vs ATL,12,39,23,208,1,2,0,5,28,0,0,0,0,0,0,0,15
C. Williams CHI,@ MIN,12,31,18,191,1,0,0,4,3,0,0,0,0,0,0,1,15
S. Rattler NO,vs WAS,11,21,10,135,1,0,0,0,0,0,0,0,0,0,0,0,15
R. Wilson PIT,@ PHI,11,22,14,128,1,0,0,4,13,0,0,0,0,0,0,1,15
K. Murray ARI,vs NE,9,30,23,224,0,0,0,5,11,0,0,0,0,0,0,0,15
T. Boyle NYG,vs BAL,8,24,12,123,1,1,0,1,-1,0,0,0,0,0,0,0,15
K. Cousins ATL,@ LV,8,17,11,112,1,1,0,3,0,0,0,0,0,0,0,0,15
M. Stafford LA,@ SF,7,27,16,160,0,0,0,4,18,0,0,0,0,0,0,0,15
T. Tagovailoa MIA,@ HOU,6,40,29,196,1,3,0,0,0,0,0,0,0,0,0,1,15
B. Purdy SF,vs LA,3,31,14,142,0,1,0,1,3,0,0,0,0,0,0,0,15
G. Smith SEA,vs GB,3,19,15,149,0,1,0,1,5,0,0,0,0,0,0,0,15
T. DeVito NYG,vs BAL,2,13,10,68,0,0,0,1,0,0,0,0,0,0,0,0,15
T. Bagent CHI,@ MIN,0,1,1,5,0,0,0,0,0,0,0,0,0,0,0,0,15
J. Fields PIT,@ PHI,0,0,0,0,0,0,0,1,8,0,0,0,0,0,0,0,15
T. Heinicke LAC,vs TB,0,1,1,4,0,0,0,0,0,0,0,0,0,0,0,0,15
J. Johnson BAL,@ NYG,0,0,0,0,0,0,0,1,-1,0,0,0,0,0,0,0,15
C. Tune ARI,vs NE,0,2,2,8,0,0,0,1,-1,0,0,0,0,0,0,0,15
C. Wentz KC,@ CLE,0,2,2,20,0,0,0,3,0,0,0,0,0,0,0,0,15
J. Haener NO,vs WAS,-1,10,4,49,0,1,0,1,7,0,0,0,0,0,0,0,15
D. Thompson-Robinson CLE,vs KC,-1,9,4,18,0,1,0,3,16,0,0,0,0,0,0,0,15
J. Winston CLE,vs KC,-1,25,16,146,0,3,0,2,-2,0,0,0,0,0,0,0,15
S. Howell SEA,vs GB,-2,14,5,24,0,1,0,1,2,0,0,0,0,0,0,0,15
W. Levis TEN,vs CIN,-4,12,8,89,0,3,0,2,0,0,0,0,0,0,0,1,15
J. Daniels WAS,vs PHI,44,39,24,258,5,2,0,9,81,0,0,0,0,0,0,0,16
J. Goff DET,@ CHI,31,32,23,336,3,0,0,1,-1,0,0,0,0,0,0,0,16
B. Young CAR,vs ARI,30,26,17,158,2,0,0,5,68,1,0,0,0,0,0,0,16
J. Burrow CIN,vs CLE,28,30,23,252,3,0,0,2,19,0,0,0,0,0,0,1,16
S. Darnold MIN,@ SEA,28,35,22,246,3,0,0,5,11,0,0,0,0,0,0,0,16
C. Williams CHI,vs DET,27,40,26,334,2,0,0,6,34,0,0,0,0,0,0,1,16
L. Jackson BAL,vs PIT,26,23,15,207,3,1,0,9,22,0,0,0,0,0,0,0,16
B. Mayfield TB,@ DAL,26,43,31,303,2,1,0,3,42,0,0,0,0,0,0,0,16
G. Smith SEA,vs MIN,26,43,31,314,3,2,0,1,8,0,0,0,0,0,0,0,16
J. Herbert LAC,vs DEN,25,31,23,284,2,1,1,8,28,0,0,0,0,0,0,0,16
P. Mahomes KC,vs HOU,25,41,28,260,1,0,0,5,33,1,0,0,0,0,0,0,16
B. Nix DEN,@ LAC,24,40,29,263,2,0,0,3,25,0,0,0,0,0,0,0,16
B. Purdy SF,@ MIA,24,40,26,313,2,1,0,4,26,0,0,0,0,0,0,0,16
K. Murray ARI,@ CAR,23,32,20,202,1,1,0,8,63,1,0,0,0,0,0,1,16
D. Maye NE,@ BUF,22,36,22,261,2,1,0,6,30,0,0,0,0,0,0,1,16
A. Richardson IND,vs TEN,22,11,7,131,1,1,0,9,70,1,0,0,0,0,0,0,16
C. Stroud HOU,@ KC,19,39,23,244,2,2,0,2,23,0,0,0,0,0,0,0,16
R. Wilson PIT,@ BAL,19,33,22,217,2,1,0,3,27,0,0,0,0,0,0,1,16
M. Rudolph TEN,@ IND,18,34,23,252,2,3,1,4,3,0,0,0,0,0,0,0,16
C. Rush DAL,vs TB,17,35,26,292,1,0,0,3,-4,0,0,0,0,0,0,0,16
M. Jones JAX,@ LV,15,39,25,247,1,0,0,0,0,0,0,0,0,0,0,0,16
A. Rodgers NYJ,vs LA,15,42,28,256,1,0,0,1,6,0,0,0,0,0,0,1,16
T. Tagovailoa MIA,vs SF,14,34,22,215,1,0,0,2,-1,0,0,0,0,0,0,0,16
J. Allen BUF,vs NE,13,29,16,154,1,1,0,6,30,0,0,0,0,0,0,0,16
J. Love GB,vs NO,13,28,16,182,1,0,0,1,2,0,0,0,0,0,0,0,16
A. O'Connell LV,vs JAX,11,38,24,257,0,0,0,7,12,0,0,0,0,0,0,0,16
K. Pickett PHI,@ WAS,10,24,14,143,1,1,0,3,13,0,0,0,0,0,0,0,16
D. Lock NYG,@ ATL,9,39,22,210,1,2,0,1,1,0,0,0,0,0,0,1,16
M. Stafford LA,@ NYJ,8,19,14,110,1,1,0,3,-4,0,0,0,0,0,0,0,16
M. Penix ATL,vs NYG,6,27,18,202,0,1,0,4,3,0,0,0,0,0,0,0,16
D. Thompson-Robinson CLE,@ CIN,6,34,20,157,0,2,0,9,49,0,0,0,0,0,0,0,16
S. Rattler NO,@ GB,5,30,15,153,0,1,0,5,28,0,0,0,0,0,0,1,16
J. Hurts PHI,@ WAS,4,4,1,11,0,0,0,3,41,0,0,0,0,0,0,0,16
M. Willis GB,vs NO,1,2,1,34,0,0,0,3,-2,0,0,0,0,0,0,0,16
J. Browning CIN,vs CLE,0,0,0,0,0,0,0,1,-1,0,0,0,0,0,0,0,16
B. Mayfield TB,vs CAR,44,32,27,359,5,0,0,1,2,0,0,0,0,0,0,0,17
J. Burrow CIN,vs DEN,42,49,39,412,3,0,0,4,25,1,0,0,0,0,0,0,17
D. Lock NYG,vs IND,42,23,17,309,4,0,0,5,0,1,0,0,0,0,0,0,17
J. Daniels WAS,vs ATL,37,36,24,227,3,1,0,16,127,0,0,0,0,0,0,0,17
B. Purdy SF,vs DET,36,35,27,377,3,2,0,3,12,1,0,0,0,0,0,0,17
J. Goff DET,@ SF,32,34,26,303,3,0,1,3,-3,0,0,0,0,0,0,0,17
L. Jackson BAL,@ HOU,32,15,10,168,2,0,0,4,87,1,0,0,0,0,0,0,17
S. Darnold MIN,vs GB,31,43,33,377,3,1,0,3,-3,0,0,0,0,0,0,0,17
P. Mahomes KC,@ PIT,31,38,29,320,3,0,0,1,12,0,0,0,0,0,0,0,17
J. Herbert LAC,@ NE,30,38,26,281,3,0,0,3,12,0,0,0,0,0,0,0,17
B. Nix DEN,@ CIN,27,31,24,219,3,1,0,7,31,0,0,0,0,0,0,0,17
J. Allen BUF,vs NYJ,26,27,16,182,2,0,0,5,17,1,0,0,0,0,0,0,17
T. Huntley MIA,@ CLE,26,26,22,225,1,0,0,7,52,1,0,0,0,0,0,0,17
A. O'Connell LV,@ NO,21,35,20,242,2,0,0,3,-1,0,0,0,0,0,0,0,17
J. Flacco IND,@ NYG,20,38,26,330,2,2,0,1,1,0,0,0,0,0,0,1,17
M. Jones JAX,vs TEN,20,22,15,174,2,0,0,6,22,0,0,0,0,0,0,0,17
B. Young CAR,@ TB,20,28,15,203,2,0,0,2,8,0,0,0,0,0,0,0,17
K. Murray ARI,@ LA,17,48,33,321,1,2,0,4,32,0,0,0,0,0,0,0,17
K. Pickett PHI,vs DAL,17,15,10,143,1,0,0,3,3,1,0,0,0,0,0,0,17
T. Taylor NYJ,@ BUF,17,14,11,83,2,0,1,2,6,0,0,0,0,0,0,0,17
R. Wilson PIT,vs KC,17,37,23,205,0,1,0,6,55,1,0,0,0,0,0,0,17
J. Love GB,@ MIN,15,30,19,185,1,0,1,1,6,0,0,0,0,0,0,0,17
T. McKee PHI,vs DAL,14,4,3,54,2,0,0,2,-2,0,0,0,0,0,0,0,17
S. Rattler NO,vs LV,14,36,20,218,1,2,0,3,46,0,0,0,0,0,0,0,17
M. Rudolph TEN,@ JAX,13,31,19,193,1,1,0,5,23,0,0,0,0,0,0,0,17
D. Maye NE,vs LAC,12,22,12,117,1,0,0,6,32,0,0,0,0,0,0,1,17
M. Penix ATL,@ WAS,12,35,19,223,1,1,0,2,3,0,0,0,0,0,0,0,17
M. Stafford LA,vs ARI,8,32,17,189,0,0,0,6,16,0,0,0,0,0,0,0,17
M. Trubisky BUF,vs NYJ,8,1,1,69,1,0,0,2,-1,0,0,0,0,0,0,0,17
J. Dobbs SF,vs DET,7,4,3,35,0,0,0,1,7,1,0,0,0,0,0,0,17
C. Rush DAL,@ PHI,7,28,15,147,1,2,0,1,2,0,0,0,0,0,0,0,17
G. Smith SEA,@ CHI,7,23,17,160,0,0,0,3,19,0,0,0,0,0,0,0,17
C. Stroud HOU,vs BAL,5,31,17,185,0,1,0,1,7,0,0,0,0,0,0,0,17
C. Williams CHI,vs SEA,5,28,16,122,0,1,0,5,37,0,0,0,0,0,0,0,17
D. Thompson-Robinson CLE,vs MIA,4,47,24,170,0,1,0,4,10,0,0,0,0,0,0,1,17
J. Brissett NE,vs LAC,0,2,1,-2,0,0,0,0,0,0,0,0,0,0,0,0,17
T. Heinicke LAC,@ NE,0,2,0,0,0,0,0,1,8,0,0,0,0,0,0,0,17
J. Johnson BAL,@ HOU,0,2,1,16,0,0,0,0,0,0,0,0,0,0,0,0,17
T. Lance DAL,@ PHI,0,1,1,1,0,0,0,1,1,0,0,0,0,0,0,0,17
D. Mills HOU,vs BAL,0,1,1,5,0,0,0,0,0,0,0,0,0,0,0,0,17
A. Rodgers NYJ,@ BUF,0,18,12,112,0,2,0,0,0,0,0,0,0,0,0,0,17
K. Trask TB,vs CAR,0,0,0,0,0,0,0,3,-2,0,0,0,0,0,0,0,17
B. Young CAR,@ ATL,42,34,25,251,3,0,0,5,24,2,0,0,0,0,0,0,18
B. Nix DEN,vs KC,40,29,26,321,4,0,0,7,47,0,0,0,0,0,0,0,18
K. Murray ARI,vs SF,35,35,25,242,4,0,0,3,22,0,0,0,0,0,0,0,18
G. Smith SEA,@ LA,33,27,20,223,4,0,0,2,14,0,0,0,0,0,0,0,18
A. Rodgers NYJ,vs MIA,32,36,23,274,4,1,0,0,0,0,0,0,0,0,0,0,18
J. Herbert LAC,@ LV,31,36,28,346,2,0,1,4,42,0,0,0,0,0,0,0,18
M. Mariota WAS,@ DAL,29,18,15,161,2,0,0,5,56,1,0,0,0,0,0,0,18
M. Penix ATL,vs CAR,28,38,21,312,2,1,0,1,5,1,0,0,0,0,0,0,18
J. Dobbs SF,@ ARI,27,43,29,326,2,2,0,8,17,1,0,0,0,0,0,1,18
L. Jackson BAL,vs CLE,26,32,16,217,2,0,0,9,63,0,0,0,0,0,0,0,18
B. Mayfield TB,vs NO,24,32,21,221,2,1,0,9,68,0,0,0,0,0,0,0,18
J. Garoppolo LA,vs SEA,23,41,27,334,2,1,0,2,5,0,0,0,0,0,0,0,18
T. McKee PHI,vs NYG,22,41,27,269,2,0,0,3,1,0,0,0,0,0,0,0,18
J. Milton NE,vs BUF,21,29,22,241,1,0,0,10,16,1,0,0,0,0,0,1,18
A. O'Connell LV,vs LAC,19,34,24,214,2,1,0,4,13,0,0,0,0,0,0,0,18
J. Flacco IND,vs JAX,16,40,23,264,1,0,0,0,0,0,0,0,0,0,0,0,18
S. Rattler NO,@ TB,16,42,26,240,1,0,0,1,11,0,0,0,0,0,0,0,18
J. Burrow CIN,@ PIT,15,46,37,277,1,1,0,1,-1,0,0,0,0,0,0,0,18
M. Jones JAX,@ IND,14,32,20,225,1,1,0,5,17,0,0,0,0,0,0,0,18
W. Levis TEN,vs HOU,14,17,9,175,1,0,1,4,8,0,0,0,0,0,0,1,18
C. Williams CHI,@ GB,12,29,21,148,1,0,0,3,10,0,0,0,0,0,0,0,18
R. Wilson PIT,vs CIN,12,31,17,148,1,0,0,4,16,0,0,0,0,0,0,0,18
J. Goff DET,vs MIN,11,33,27,231,1,2,0,0,0,0,0,0,0,0,0,0,18
T. Huntley MIA,@ NYJ,11,41,25,227,1,2,0,3,16,0,0,0,0,0,0,1,18
T. Lance DAL,vs WAS,11,34,20,244,0,0,0,6,26,0,0,0,0,0,0,0,18
M. Trubisky BUF,@ NE,11,21,15,101,1,0,0,4,12,0,0,0,0,0,0,0,18
D. Lock NYG,@ PHI,9,29,22,138,1,1,0,2,3,0,0,0,0,0,0,0,18
C. Stroud HOU,@ TEN,8,6,6,50,1,0,0,0,0,0,0,0,0,0,0,0,18
B. Zappe CLE,@ BAL,8,31,16,170,1,2,0,2,2,0,0,0,0,0,0,0,18
S. Darnold MIN,@ DET,7,41,18,166,0,0,0,3,10,0,0,0,0,0,0,0,18
D. Mills HOU,@ TEN,6,22,12,128,0,0,0,3,11,0,0,0,0,0,0,0,18
M. Willis GB,vs CHI,4,13,10,136,0,0,0,1,3,0,0,0,0,0,0,1,18
J. Daniels WAS,@ DAL,3,12,6,38,0,0,0,4,27,0,0,0,0,0,0,0,18
C. Wentz KC,@ DEN,3,17,10,98,0,0,0,0,0,0,0,0,0,0,0,0,18
J. Love GB,vs CHI,2,12,7,69,0,0,0,0,0,0,0,0,0,0,0,0,18
M. Rudolph TEN,vs HOU,2,9,7,70,0,0,0,1,5,0,0,0,0,0,0,0,18
M. White BUF,@ NE,1,11,3,28,0,0,0,0,0,0,0,0,0,0,0,0,18
D. Maye NE,vs BUF,0,1,0,0,0,0,0,0,0,0,0,0,0,0,0,0,18
C. Oladokun KC,@ DEN,0,0,0,0,0,0,0,1,5,0,0,0,0,0,0,0,18
D. Ridder LV,vs LAC,0,2,1,11,0,0,0,0,0,0,0,0,0,0,0,0,18
J. Stidham DEN,vs KC,0,0,0,0,0,0,0,2,7,0,0,0,0,0,0,0,18
D. Thompson-Robinson CLE,@ BAL,0,3,2,13,0,0,0,2,3,0,0,0,0,0,0,0,18
C. Tune ARI,vs SF,0,0,0,0,0,0,0,1,2,0,0,0,0,0,0,0,18
